Resíduo;Aminoácido;Probabilidade
1;D;0.4476
2;A;0.4317
3;E;0.3770
4;F;0.3628
5;R;0.3273
6;H;0.2549
7;D;0.0772
8;S;0.0628
9;G;0.0578
10;Y;0.2192
11;E;0.6342
12;V;0.6027
13;H;0.5155
14;H;0.6125
15;Q;0.5748
16;K;0.5872
17;L;0.2285
18;V;0.2286
19;F;0.6028
20;F;0.5558
21;A;0.5685
22;E;0.5686
23;D;0.5597
24;V;0.5969
25;G;0.6061
26;S;0.6152
27;N;0.1579
28;K;0.5515
29;G;0.2028
30;A;0.2092
31;I;0.6870
32;I;0.6521
33;G;0.6477
34;L;0.6963
35;M;0.3792
36;V;0.6821
37;G;0.6818
38;G;0.6331
39;V;0.7476
40;V;0.7632
41;I;0.7967
42;A;0.8064
